{"_runtime":281,"train loss":183.14303753044032,"lr":5.764800999999999e-05,"map":0.29154112520313713,"_timestamp":1.7520691343432868e+09,"_step":32,"_wandb":{"runtime":281}}