{"_wandb":{"runtime":94},"_runtime":94,"train loss":10.43971389391709,"lr":0.0007,"map":0.2111441599436489,"_timestamp":1.7520685613833942e+09,"_step":9}