{"_runtime":122,"train loss":89.82807922363281,"lr":0.0007,"map":0.2189326414728235,"_timestamp":1.7520679448105257e+09,"_step":15,"_wandb":{"runtime":122}}