{"_step":9,"_wandb":{"runtime":92},"_runtime":92,"train loss":104.35806626726867,"lr":0.0007,"map":0.21247042733764016,"_timestamp":1.7520686965459304e+09}