{"map":0.22228738724720845,"_timestamp":1.7520683754578648e+09,"_wandb":{"runtime":120},"_runtime":120,"_step":15,"train loss":6.131066090420514,"lr":0.0007}