{"_runtime":117,"train loss":93.63230895996094,"lr":4.035360699999999e-05,"map":0.21622551306503507,"_timestamp":1.752067746708888e+09,"_step":15,"_wandb":{"runtime":117}}